0;18 Dec 2016 16:03:01 GMT;Jmeno
4;18 Dec 2016 16:03:01 GMT;Jmeno
1;18 Dec 2016 16:03:01 GMT;Jmeno
4;18 Dec 2016 16:03:01 GMT;Jmeno
2;18 Dec 2016 16:03:01 GMT;Jmeno
0;18 Dec 2016 16:03:01 GMT;Jmeno
10;18 Dec 2016 16:03:01 GMT;Jmeno
6;18 Dec 2016 16:03:01 GMT;Jmeno
1;18 Dec 2016 16:03:01 GMT;Jmeno
0;18 Dec 2016 16:03:01 GMT;Jmeno
9;18 Dec 2016 16:03:01 GMT;Jmeno
12;18 Dec 2016 16:03:01 GMT;Jmeno
7;18 Dec 2016 16:03:01 GMT;Jmeno
5;18 Dec 2016 16:03:01 GMT;Jmeno
1;18 Dec 2016 16:03:01 GMT;Jmeno
3;18 Dec 2016 16:03:01 GMT;Jmeno
4;18 Dec 2016 16:03:01 GMT;Jmeno
2;18 Dec 2016 16:03:01 GMT;Jmeno
1;18 Dec 2016 16:03:01 GMT;Jmeno
2;18 Dec 2016 16:03:01 GMT;Jmeno
8;18 Dec 2016 16:03:01 GMT;Jmeno
10;18 Dec 2016 16:03:01 GMT;Jmeno
7;18 Dec 2016 16:03:01 GMT;Jmeno
8;18 Dec 2016 16:03:01 GMT;Jmeno
0;18 Dec 2016 16:03:01 GMT;Jmeno
2;18 Dec 2016 16:03:01 GMT;Jmeno
9;18 Dec 2016 16:03:01 GMT;Jmeno
